{"cameraMode":{"drawMode":0,"name":"Shaded","section":"Shading Mode"},"sceneLighting":true,"audioPlay":false,"sceneViewState":{"showFog":true,"showMaterialUpdate":true,"showSkybox":true,"showFlares":true,"showImageEffects":true,"showParticleSystems":true},"in2DMode":false,"pivot":{"x":0.8670584559440613,"y":2.654512643814087,"z":-6.114665508270264},"rotation":{"x":-0.06469392776489258,"y":0.046982668340206149,"z":-0.0030488234478980304,"w":-0.9968032836914063},"size":2.242161273956299,"orthographic":false}