{"cameraMode":{"drawMode":0,"name":"Shaded","section":"Shading Mode"},"sceneLighting":false,"audioPlay":false,"sceneViewState":{"showFog":true,"showMaterialUpdate":true,"showSkybox":false,"showFlares":true,"showImageEffects":true,"showParticleSystems":true},"in2DMode":false,"pivot":{"x":1.299850583076477,"y":2.2475926876068117,"z":-3.887570381164551},"rotation":{"x":-0.05829690769314766,"y":0.9251174330711365,"z":-0.15862146019935609,"w":-0.34000128507614138},"size":1.1660254001617432,"orthographic":false}